Name,ATCC Number,Isolation Source (Where found),Culture Medium,Incubation Temperature,Atmosphere,Biosafety Level,Product Sheet,ATCC Product Link
Enterococcus avium,ATCC 14025,N/A,ATCC Medium 260: Trypticase soy agar/broth with defibrinated sheep blood,37°C,Aerobic,BSL 1,https://www.atcc.org/api/pdf/product-sheet?id=14025,https://www.atcc.org/products/14025
Enterococcus avium,ATCC 14025,N/A,ATCC Medium 260: Trypticase soy agar/broth with defibrinated sheep blood,37°C,Aerobic,BSL 1,https://www.atcc.org/api/pdf/product-sheet?id=14025,https://www.atcc.org/products/14025
Alcaligenes faecalis,ATCC 8750,N/A,ATCC Medium 18: Trypticase Soy Agar/Broth,37°C,Aerobic,BSL 1,https://www.atcc.org/api/pdf/product-sheet?id=8750,https://www.atcc.org/products/8750
Alcaligenes faecalis,ATCC 8750,N/A,ATCC Medium 18: Trypticase Soy Agar/Broth,37°C,Aerobic,BSL 1,https://www.atcc.org/api/pdf/product-sheet?id=8750,https://www.atcc.org/products/8750
Rhodococcus equi,ATCC 6939,Lung abscess of foal,ATCC Medium 44: Brain Heart Infusion Agar/Broth,37°C,Aerobic,BSL 2,https://www.atcc.org/api/pdf/product-sheet?id=6939,https://www.atcc.org/products/6939
Rhodococcus equi,ATCC 6939,Lung abscess of foal,ATCC Medium 44: Brain Heart Infusion Agar/Broth,37°C,Aerobic,BSL 2,https://www.atcc.org/api/pdf/product-sheet?id=6939,https://www.atcc.org/products/6939
Corynebacterium glutamicum,ATCC 13032,Sewage,ATCC Medium 3: Nutrient agar or nutrient brothATCC Medium 18: Trypticase Soy Agar/Broth,37°C,Aerobic,BSL 1,https://www.atcc.org/api/pdf/product-sheet?id=13032,https://www.atcc.org/products/13032
Corynebacterium glutamicum,ATCC 13032,Sewage,ATCC Medium 3: Nutrient agar or nutrient brothATCC Medium 18: Trypticase Soy Agar/Broth,37°C,Aerobic,BSL 1,https://www.atcc.org/api/pdf/product-sheet?id=13032,https://www.atcc.org/products/13032
Staphylococcus aureus,ATCC 25923,Clinical isolate,ATCC Medium 18: Trypticase Soy Agar/Broth,37°C,Aerobic,BSL 2,https://www.atcc.org/api/pdf/product-sheet?id=25923,https://www.atcc.org/products/25923
Staphylococcus aureus,ATCC 25923,Clinical isolate,ATCC Medium 18: Trypticase Soy Agar/Broth,37°C,Aerobic,BSL 2,https://www.atcc.org/api/pdf/product-sheet?id=25923,https://www.atcc.org/products/25923
Kleisiella pneuminoa,ATCC 13883,N/A,ATCC Medium 3: Nutrient agar or nutrient broth,37°C,Aerobic,BSL 2,https://www.atcc.org/api/pdf/product-sheet?id=13883,https://www.atcc.org/products/13883
Kleisiella pneuminoa,ATCC 13883,N/A,ATCC Medium 3: Nutrient agar or nutrient broth,37°C,Aerobic,BSL 2,https://www.atcc.org/api/pdf/product-sheet?id=13883,https://www.atcc.org/products/13883
Enteroccus faecium,ATCC 19434,N/A,ATCC Medium 44: Brain Heart Infusion Agar/Broth,37°C,Aerobic,BSL 2,https://www.atcc.org/api/pdf/product-sheet?id=19434,https://www.atcc.org/products/19434
Enteroccus faecium,ATCC 19434,N/A,ATCC Medium 44: Brain Heart Infusion Agar/Broth,37°C,Aerobic,BSL 2,https://www.atcc.org/api/pdf/product-sheet?id=19434,https://www.atcc.org/products/19434
Enterobacter Spp,ATCC 13047,Spinal fluid,ATCC Medium 3: Nutrient agar or nutrient broth,30°C,Aerobic,BSL 1,https://www.atcc.org/api/pdf/product-sheet?id=13047,https://www.atcc.org/products/13047
Enterobacter Spp,ATCC 13047,Spinal fluid,ATCC Medium 3: Nutrient agar or nutrient broth,30°C,Aerobic,BSL 1,https://www.atcc.org/api/pdf/product-sheet?id=13047,https://www.atcc.org/products/13047
Kingella kingae,ATCC 23330,Nose,ATCC Medium 44: Brain Heart Infusion Agar/BrothATCC Medium 260: Trypticase soy agar/broth with defibrinated sheep blood,37°C,Aerobic,BSL 2,https://www.atcc.org/api/pdf/product-sheet?id=23330,https://www.atcc.org/products/23330
Kingella kingae,ATCC 23330,Nose,ATCC Medium 44: Brain Heart Infusion Agar/BrothATCC Medium 260: Trypticase soy agar/broth with defibrinated sheep blood,37°C,Aerobic,BSL 2,https://www.atcc.org/api/pdf/product-sheet?id=23330,https://www.atcc.org/products/23330
Proteus vulgaris,ATCC 6380,N/A,ATCC Medium 3: Nutrient agar or nutrient broth,37°C,Aerobic,BSL 2,https://www.atcc.org/api/pdf/product-sheet?id=6380,https://www.atcc.org/products/6380
Proteus vulgaris,ATCC 6380,N/A,ATCC Medium 3: Nutrient agar or nutrient broth,37°C,Aerobic,BSL 2,https://www.atcc.org/api/pdf/product-sheet?id=6380,https://www.atcc.org/products/6380
Morganella morganii subsp. morganii,ATCC 25830,Patient with summer diarrhea,ATCC Medium 3: Nutrient agar or nutrient broth,37°C,Aerobic,BSL 2,https://www.atcc.org/api/pdf/product-sheet?id=25830,https://www.atcc.org/products/25830
Morganella morganii subsp. morganii,ATCC 25830,Patient with summer diarrhea,ATCC Medium 3: Nutrient agar or nutrient broth,37°C,Aerobic,BSL 2,https://www.atcc.org/api/pdf/product-sheet?id=25830,https://www.atcc.org/products/25830
Moraxella catarrhalis,ATCC 25238,N/A,ATCC Medium 44: Brain Heart Infusion Agar/Broth,37°C,"95% Air, 5% CO2",BSL 1,https://www.atcc.org/api/pdf/product-sheet?id=25238,https://www.atcc.org/products/25238
Moraxella catarrhalis,ATCC 25238,N/A,ATCC Medium 44: Brain Heart Infusion Agar/Broth,37°C,"95% Air, 5% CO2",BSL 1,https://www.atcc.org/api/pdf/product-sheet?id=25238,https://www.atcc.org/products/25238
Chromobacterium violaceum,ATCC 12472,Freshwater,ATCC Medium 3: Nutrient agar or nutrient broth,26°C,Aerobic,BSL 2,https://www.atcc.org/api/pdf/product-sheet?id=12472,https://www.atcc.org/products/12472
Chromobacterium violaceum,ATCC 12472,Freshwater,ATCC Medium 3: Nutrient agar or nutrient broth,26°C,Aerobic,BSL 2,https://www.atcc.org/api/pdf/product-sheet?id=12472,https://www.atcc.org/products/12472
Staphylococcus saprophylicus,ATCC 49453,N/A,ATCC Medium 260: Trypticase soy agar/broth with defibrinated sheep bloodATCC Medium 44: Brain Heart Infusion Agar/Broth,37°C,Aerobic,BSL 1,https://www.atcc.org/api/pdf/product-sheet?id=49453,https://www.atcc.org/products/49453
Staphylococcus saprophylicus,ATCC 49453,N/A,ATCC Medium 260: Trypticase soy agar/broth with defibrinated sheep bloodATCC Medium 44: Brain Heart Infusion Agar/Broth,37°C,Aerobic,BSL 1,https://www.atcc.org/api/pdf/product-sheet?id=49453,https://www.atcc.org/products/49453
Staphylococcus simulans,ATCC 27848,Skin,ATCC Medium 3: Nutrient agar or nutrient broth,37°C,Aerobic,BSL 2,https://www.atcc.org/api/pdf/product-sheet?id=27848,https://www.atcc.org/products/27848
Staphylococcus simulans,ATCC 27848,Skin,ATCC Medium 3: Nutrient agar or nutrient broth,37°C,Aerobic,BSL 2,https://www.atcc.org/api/pdf/product-sheet?id=27848,https://www.atcc.org/products/27848
Staphylococcus auricularis,ATCC 33753,External auditory meatus,ATCC Medium 3: Nutrient agar or nutrient broth,37°C,Aerobic,BSL 1,https://www.atcc.org/api/pdf/product-sheet?id=33753,https://www.atcc.org/products/33753
Staphylococcus auricularis,ATCC 33753,External auditory meatus,ATCC Medium 3: Nutrient agar or nutrient broth,37°C,Aerobic,BSL 1,https://www.atcc.org/api/pdf/product-sheet?id=33753,https://www.atcc.org/products/33753
Staphylococcus schleiferi,ATCC 49545,External ear otitis of canine,ATCC Medium 18: Trypticase Soy Agar/Broth,37°C,Aerobic,BSL 2,https://www.atcc.org/api/pdf/product-sheet?id=49545,https://www.atcc.org/products/49545
Staphylococcus schleiferi,ATCC 49545,External ear otitis of canine,ATCC Medium 18: Trypticase Soy Agar/Broth,37°C,Aerobic,BSL 2,https://www.atcc.org/api/pdf/product-sheet?id=49545,https://www.atcc.org/products/49545
Staphylococcus epidermidis,ATCC 12228,N/A,ATCC Medium 3: Nutrient agar or nutrient broth,37°C,Aerobic,BSL 1,https://www.atcc.org/api/pdf/product-sheet?id=12228,https://www.atcc.org/products/12228
Staphylococcus epidermidis,ATCC 12228,N/A,ATCC Medium 3: Nutrient agar or nutrient broth,37°C,Aerobic,BSL 1,https://www.atcc.org/api/pdf/product-sheet?id=12228,https://www.atcc.org/products/12228
Pseudomonas aeruginosa,ATCC 27853,Blood culture,ATCC Medium 18: Trypticase Soy Agar/Broth,37°C,Aerobic,BSL 2,https://www.atcc.org/api/pdf/product-sheet?id=27853,https://www.atcc.org/products/27853
Pseudomonas aeruginosa,ATCC 27853,Blood culture,ATCC Medium 18: Trypticase Soy Agar/Broth,37°C,Aerobic,BSL 2,https://www.atcc.org/api/pdf/product-sheet?id=27853,https://www.atcc.org/products/27853
Streptococcus salivarius subsp. salivaris,ATCC 13419,N/A,ATCC Medium 44: Brain Heart Infusion Agar/BrothATCC Medium 260: Trypticase soy agar/broth with defibrinated sheep blood,37°C,Aerobic,BSL 1,https://www.atcc.org/api/pdf/product-sheet?id=13419,https://www.atcc.org/products/13419
Streptococcus salivarius subsp. salivaris,ATCC 13419,N/A,ATCC Medium 44: Brain Heart Infusion Agar/BrothATCC Medium 260: Trypticase soy agar/broth with defibrinated sheep blood,37°C,Aerobic,BSL 1,https://www.atcc.org/api/pdf/product-sheet?id=13419,https://www.atcc.org/products/13419
Staphylococcus haemolyticus,ATCC 29970,Skin,ATCC Medium 3: Nutrient agar or nutrient broth,37°C,Aerobic,BSL 2,https://www.atcc.org/api/pdf/product-sheet?id=29970,https://www.atcc.org/products/29970
Staphylococcus haemolyticus,ATCC 29970,Skin,ATCC Medium 3: Nutrient agar or nutrient broth,37°C,Aerobic,BSL 2,https://www.atcc.org/api/pdf/product-sheet?id=29970,https://www.atcc.org/products/29970
Staphylococcus aureus sub sp. aureus,ATCC 29213,Wound,ATCC Medium 18: Trypticase Soy Agar/Broth,37°C,Aerobic,BSL 2,https://www.atcc.org/api/pdf/product-sheet?id=29213,https://www.atcc.org/products/29213
Staphylococcus aureus sub sp. aureus,ATCC 29213,Wound,ATCC Medium 18: Trypticase Soy Agar/Broth,37°C,Aerobic,BSL 2,https://www.atcc.org/api/pdf/product-sheet?id=29213,https://www.atcc.org/products/29213
Staphylococcus lugdunensis,ATCC 49576,N/A,ATCC Medium 18: Trypticase Soy Agar/Broth,37°C,Aerobic,BSL 1,https://www.atcc.org/api/pdf/product-sheet?id=49576,https://www.atcc.org/products/49576
Staphylococcus lugdunensis,ATCC 49576,N/A,ATCC Medium 18: Trypticase Soy Agar/Broth,37°C,Aerobic,BSL 1,https://www.atcc.org/api/pdf/product-sheet?id=49576,https://www.atcc.org/products/49576
Acinetobatcor baumiini,ATCC 19606,Urine,ATCC Medium 18: Trypticase Soy Agar/Broth,37°C,Aerobic,BSL 2,https://www.atcc.org/api/pdf/product-sheet?id=19606,https://www.atcc.org/products/19606
Acinetobatcor baumiini,ATCC 19606,Urine,ATCC Medium 18: Trypticase Soy Agar/Broth,37°C,Aerobic,BSL 2,https://www.atcc.org/api/pdf/product-sheet?id=19606,https://www.atcc.org/products/19606
Pseudomonas aeruginosa,ATCC 27853,Blood culture,ATCC Medium 18: Trypticase Soy Agar/Broth,37°C,Aerobic,BSL 2,https://www.atcc.org/api/pdf/product-sheet?id=27853,https://www.atcc.org/products/27853
Pseudomonas aeruginosa,ATCC 27853,Blood culture,ATCC Medium 18: Trypticase Soy Agar/Broth,37°C,Aerobic,BSL 2,https://www.atcc.org/api/pdf/product-sheet?id=27853,https://www.atcc.org/products/27853
Gram Negative cocci,ATCC 19424,N/A,ATCC Medium 814: GC Agar/Broth Medium,37°C,"95% Air, 5% CO2",BSL 2,https://www.atcc.org/api/pdf/product-sheet?id=19424,https://www.atcc.org/products/19424
Gram Negative cocci,ATCC 19424,N/A,ATCC Medium 814: GC Agar/Broth Medium,37°C,"95% Air, 5% CO2",BSL 2,https://www.atcc.org/api/pdf/product-sheet?id=19424,https://www.atcc.org/products/19424
Staphylococcus epidermidis,ATCC 12228,N/A,ATCC Medium 3: Nutrient agar or nutrient broth,37°C,Aerobic,BSL 1,https://www.atcc.org/api/pdf/product-sheet?id=12228,https://www.atcc.org/products/12228
Staphylococcus epidermidis,ATCC 12228,N/A,ATCC Medium 3: Nutrient agar or nutrient broth,37°C,Aerobic,BSL 1,https://www.atcc.org/api/pdf/product-sheet?id=12228,https://www.atcc.org/products/12228
Staphylococcus capitis,ATCC 27840,Skin,ATCC Medium 3: Nutrient agar or nutrient broth,37°C,Aerobic,BSL 1,https://www.atcc.org/api/pdf/product-sheet?id=27840,https://www.atcc.org/products/27840
Staphylococcus capitis,ATCC 27840,Skin,ATCC Medium 3: Nutrient agar or nutrient broth,37°C,Aerobic,BSL 1,https://www.atcc.org/api/pdf/product-sheet?id=27840,https://www.atcc.org/products/27840
Pseudomonas aeruginosa,ATCC 27853,Blood culture,ATCC Medium 18: Trypticase Soy Agar/Broth,37°C,Aerobic,BSL 2,https://www.atcc.org/api/pdf/product-sheet?id=27853,https://www.atcc.org/products/27853
Pseudomonas aeruginosa,ATCC 27853,Blood culture,ATCC Medium 18: Trypticase Soy Agar/Broth,37°C,Aerobic,BSL 2,https://www.atcc.org/api/pdf/product-sheet?id=27853,https://www.atcc.org/products/27853
Staphylococcus aureus,ATCC 25923,Clinical isolate,ATCC Medium 18: Trypticase Soy Agar/Broth,37°C,Aerobic,BSL 2,https://www.atcc.org/api/pdf/product-sheet?id=25923,https://www.atcc.org/products/25923
Staphylococcus aureus,ATCC 25923,Clinical isolate,ATCC Medium 18: Trypticase Soy Agar/Broth,37°C,Aerobic,BSL 2,https://www.atcc.org/api/pdf/product-sheet?id=25923,https://www.atcc.org/products/25923
Escherichia coli,ATCC 25922,Clinical isolate,ATCC Medium 18: Trypticase Soy Agar/Broth,37°C,Aerobic,BSL 1,https://www.atcc.org/api/pdf/product-sheet?id=25922,https://www.atcc.org/products/25922
Escherichia coli,ATCC 25922,Clinical isolate,ATCC Medium 18: Trypticase Soy Agar/Broth,37°C,Aerobic,BSL 1,https://www.atcc.org/api/pdf/product-sheet?id=25922,https://www.atcc.org/products/25922
Staphylococcus aureus,ATCC 25923,Clinical isolate,ATCC Medium 18: Trypticase Soy Agar/Broth,37°C,Aerobic,BSL 2,https://www.atcc.org/api/pdf/product-sheet?id=25923,https://www.atcc.org/products/25923
Staphylococcus aureus,ATCC 25923,Clinical isolate,ATCC Medium 18: Trypticase Soy Agar/Broth,37°C,Aerobic,BSL 2,https://www.atcc.org/api/pdf/product-sheet?id=25923,https://www.atcc.org/products/25923
Staphylococcus aureus,ATCC 25923,Clinical isolate,ATCC Medium 18: Trypticase Soy Agar/Broth,37°C,Aerobic,BSL 2,https://www.atcc.org/api/pdf/product-sheet?id=25923,https://www.atcc.org/products/25923
Staphylococcus aureus,ATCC 25923,Clinical isolate,ATCC Medium 18: Trypticase Soy Agar/Broth,37°C,Aerobic,BSL 2,https://www.atcc.org/api/pdf/product-sheet?id=25923,https://www.atcc.org/products/25923
Unknown,NBF,N/A,N/A,N/A,N/A,N/A,N/A,N/A
Unknown,NBF,N/A,N/A,N/A,N/A,N/A,N/A,N/A
Staphylococcus aureus,ATCC 25923,Clinical isolate,ATCC Medium 18: Trypticase Soy Agar/Broth,37°C,Aerobic,BSL 2,https://www.atcc.org/api/pdf/product-sheet?id=25923,https://www.atcc.org/products/25923
Staphylococcus aureus,ATCC 25923,Clinical isolate,ATCC Medium 18: Trypticase Soy Agar/Broth,37°C,Aerobic,BSL 2,https://www.atcc.org/api/pdf/product-sheet?id=25923,https://www.atcc.org/products/25923
Staphylococcus epidermidis,ATCC 12228,N/A,ATCC Medium 3: Nutrient agar or nutrient broth,37°C,Aerobic,BSL 1,https://www.atcc.org/api/pdf/product-sheet?id=12228,https://www.atcc.org/products/12228
Staphylococcus epidermidis,ATCC 12228,N/A,ATCC Medium 3: Nutrient agar or nutrient broth,37°C,Aerobic,BSL 1,https://www.atcc.org/api/pdf/product-sheet?id=12228,https://www.atcc.org/products/12228
Staphylococcus aureus,ATCC 25923,Clinical isolate,ATCC Medium 18: Trypticase Soy Agar/Broth,37°C,Aerobic,BSL 2,https://www.atcc.org/api/pdf/product-sheet?id=25923,https://www.atcc.org/products/25923
Staphylococcus aureus,ATCC 25923,Clinical isolate,ATCC Medium 18: Trypticase Soy Agar/Broth,37°C,Aerobic,BSL 2,https://www.atcc.org/api/pdf/product-sheet?id=25923,https://www.atcc.org/products/25923
Streptococcus mitis/oralis,ATCC 49456,N/A,ATCC Medium 44: Brain Heart Infusion Agar/BrothATCC Medium 260: Trypticase soy agar/broth with defibrinated sheep blood,37°C,"95% Air, 5% CO2",BSL 2,https://www.atcc.org/api/pdf/product-sheet?id=49456,https://www.atcc.org/products/49456
Streptococcus mitis/oralis,ATCC 49456,N/A,ATCC Medium 44: Brain Heart Infusion Agar/BrothATCC Medium 260: Trypticase soy agar/broth with defibrinated sheep blood,37°C,"95% Air, 5% CO2",BSL 2,https://www.atcc.org/api/pdf/product-sheet?id=49456,https://www.atcc.org/products/49456
Staphylococcus epidermidis,ATCC 12228,N/A,ATCC Medium 3: Nutrient agar or nutrient broth,37°C,Aerobic,BSL 1,https://www.atcc.org/api/pdf/product-sheet?id=12228,https://www.atcc.org/products/12228
Staphylococcus epidermidis,ATCC 12228,N/A,ATCC Medium 3: Nutrient agar or nutrient broth,37°C,Aerobic,BSL 1,https://www.atcc.org/api/pdf/product-sheet?id=12228,https://www.atcc.org/products/12228
Staphylococcus epidermidis,ATCC 12228,N/A,ATCC Medium 3: Nutrient agar or nutrient broth,37°C,Aerobic,BSL 1,https://www.atcc.org/api/pdf/product-sheet?id=12228,https://www.atcc.org/products/12228
Staphylococcus epidermidis,ATCC 12228,N/A,ATCC Medium 3: Nutrient agar or nutrient broth,37°C,Aerobic,BSL 1,https://www.atcc.org/api/pdf/product-sheet?id=12228,https://www.atcc.org/products/12228
Staphylococcus aureus,ATCC 25923,Clinical isolate,ATCC Medium 18: Trypticase Soy Agar/Broth,37°C,Aerobic,BSL 2,https://www.atcc.org/api/pdf/product-sheet?id=25923,https://www.atcc.org/products/25923
Staphylococcus aureus,ATCC 25923,Clinical isolate,ATCC Medium 18: Trypticase Soy Agar/Broth,37°C,Aerobic,BSL 2,https://www.atcc.org/api/pdf/product-sheet?id=25923,https://www.atcc.org/products/25923
Streptococcus gordonii,ATCC 10558,Patient with subacute bacterial endocarditis,ATCC Medium 44: Brain Heart Infusion Agar/BrothATCC Medium 260: Trypticase soy agar/broth with defibrinated sheep blood,37°C,Aerobic,BSL 2,https://www.atcc.org/api/pdf/product-sheet?id=10558,https://www.atcc.org/products/10558
Streptococcus gordonii,ATCC 10558,Patient with subacute bacterial endocarditis,ATCC Medium 44: Brain Heart Infusion Agar/BrothATCC Medium 260: Trypticase soy agar/broth with defibrinated sheep blood,37°C,Aerobic,BSL 2,https://www.atcc.org/api/pdf/product-sheet?id=10558,https://www.atcc.org/products/10558
#2,NBF,N/A,N/A,N/A,N/A,N/A,N/A,N/A
#2,NBF,N/A,N/A,N/A,N/A,N/A,N/A,N/A
Staphylococcus aureus,ATCC 25923,Clinical isolate,ATCC Medium 18: Trypticase Soy Agar/Broth,37°C,Aerobic,BSL 2,https://www.atcc.org/api/pdf/product-sheet?id=25923,https://www.atcc.org/products/25923
Staphylococcus aureus,ATCC 25923,Clinical isolate,ATCC Medium 18: Trypticase Soy Agar/Broth,37°C,Aerobic,BSL 2,https://www.atcc.org/api/pdf/product-sheet?id=25923,https://www.atcc.org/products/25923
Presum. Acid Fast Bacilli,ATCC 607,Human,ATCC Medium 44: Brain Heart Infusion Agar/Broth,37°C,Aerobic,BSL 1,https://www.atcc.org/api/pdf/product-sheet?id=607,https://www.atcc.org/products/607
Presum. Acid Fast Bacilli,ATCC 607,Human,ATCC Medium 44: Brain Heart Infusion Agar/Broth,37°C,Aerobic,BSL 1,https://www.atcc.org/api/pdf/product-sheet?id=607,https://www.atcc.org/products/607
Streptococcus mutans,ATCC 25175,Carious dentine,ATCC Medium 44: Brain Heart Infusion Agar/Broth,37°C,Aerobic,BSL 1,https://www.atcc.org/api/pdf/product-sheet?id=25175,https://www.atcc.org/products/25175
Streptococcus mutans,ATCC 25175,Carious dentine,ATCC Medium 44: Brain Heart Infusion Agar/Broth,37°C,Aerobic,BSL 1,https://www.atcc.org/api/pdf/product-sheet?id=25175,https://www.atcc.org/products/25175
Staphylococcus aureus 10/2,ATCC 25923,Clinical isolate,ATCC Medium 18: Trypticase Soy Agar/Broth,37°C,Aerobic,BSL 2,https://www.atcc.org/api/pdf/product-sheet?id=25923,https://www.atcc.org/products/25923
Staphylococcus aureus 10/2,ATCC 25923,Clinical isolate,ATCC Medium 18: Trypticase Soy Agar/Broth,37°C,Aerobic,BSL 2,https://www.atcc.org/api/pdf/product-sheet?id=25923,https://www.atcc.org/products/25923
Escherichia coli,ATCC 25922,Clinical isolate,ATCC Medium 18: Trypticase Soy Agar/Broth,37°C,Aerobic,BSL 1,https://www.atcc.org/api/pdf/product-sheet?id=25922,https://www.atcc.org/products/25922
Escherichia coli,ATCC 25922,Clinical isolate,ATCC Medium 18: Trypticase Soy Agar/Broth,37°C,Aerobic,BSL 1,https://www.atcc.org/api/pdf/product-sheet?id=25922,https://www.atcc.org/products/25922
Serratia marcescens , subsp marcescens,Pond water,ATCC Medium 3: Nutrient agar or nutrient broth,26°C,Aerobic,BSL 1,https://www.atcc.org/api/pdf/product-sheet?id=13880,https://www.atcc.org/products/13880
Serratia marcescens , subsp marcescens,Pond water,ATCC Medium 3: Nutrient agar or nutrient broth,26°C,Aerobic,BSL 1,https://www.atcc.org/api/pdf/product-sheet?id=13880,https://www.atcc.org/products/13880
Klebsiella oxytoca,ATCC 700324,N/A,ATCC Medium 18: Trypticase Soy Agar/Broth,37°C,Aerobic,BSL 2,https://www.atcc.org/api/pdf/product-sheet?id=700324,https://www.atcc.org/products/700324
Klebsiella oxytoca,ATCC 700324,N/A,ATCC Medium 18: Trypticase Soy Agar/Broth,37°C,Aerobic,BSL 2,https://www.atcc.org/api/pdf/product-sheet?id=700324,https://www.atcc.org/products/700324
Enterococcus faecalis,ATCC 19433,N/A,ATCC Medium 44: Brain Heart Infusion Agar/Broth,37°C,Aerobic,BSL 2,https://www.atcc.org/api/pdf/product-sheet?id=19433,https://www.atcc.org/products/19433
Enterococcus faecalis,ATCC 19433,N/A,ATCC Medium 44: Brain Heart Infusion Agar/Broth,37°C,Aerobic,BSL 2,https://www.atcc.org/api/pdf/product-sheet?id=19433,https://www.atcc.org/products/19433
Klebsiella planticola,ATCC 700831,N/A,ATCC Medium 18: Trypticase Soy Agar/Broth,26°C,Aerobic,BSL 2,https://www.atcc.org/api/pdf/product-sheet?id=700831,https://www.atcc.org/products/700831
Klebsiella planticola,ATCC 700831,N/A,ATCC Medium 18: Trypticase Soy Agar/Broth,26°C,Aerobic,BSL 2,https://www.atcc.org/api/pdf/product-sheet?id=700831,https://www.atcc.org/products/700831
Streptococcus pyogenes,ATCC 19615,Pharynx of child following episode of sore throat,ATCC Medium 44: Brain Heart Infusion Agar/BrothATCC Medium 260: Trypticase soy agar/broth with defibrinated sheep blood,37°C,"95% Air, 5% CO2",BSL 2,https://www.atcc.org/api/pdf/product-sheet?id=19615,https://www.atcc.org/products/19615
Streptococcus pyogenes,ATCC 19615,Pharynx of child following episode of sore throat,ATCC Medium 44: Brain Heart Infusion Agar/BrothATCC Medium 260: Trypticase soy agar/broth with defibrinated sheep blood,37°C,"95% Air, 5% CO2",BSL 2,https://www.atcc.org/api/pdf/product-sheet?id=19615,https://www.atcc.org/products/19615
Enteroccus faecium,ATCC 19434,N/A,ATCC Medium 44: Brain Heart Infusion Agar/Broth,37°C,Aerobic,BSL 2,https://www.atcc.org/api/pdf/product-sheet?id=19434,https://www.atcc.org/products/19434
Enteroccus faecium,ATCC 19434,N/A,ATCC Medium 44: Brain Heart Infusion Agar/Broth,37°C,Aerobic,BSL 2,https://www.atcc.org/api/pdf/product-sheet?id=19434,https://www.atcc.org/products/19434
Klebsiella pneumoniae, subsp. pneumoniae,N/A,ATCC Medium 3: Nutrient agar or nutrient broth,37°C,Aerobic,BSL 2,https://www.atcc.org/api/pdf/product-sheet?id=13883,https://www.atcc.org/products/13883
Klebsiella pneumoniae, subsp. pneumoniae,N/A,ATCC Medium 3: Nutrient agar or nutrient broth,37°C,Aerobic,BSL 2,https://www.atcc.org/api/pdf/product-sheet?id=13883,https://www.atcc.org/products/13883
Streptococcus agalactiae,ATCC 13813,N/A,ATCC Medium 44: Brain Heart Infusion Agar/BrothATCC Medium 260: Trypticase soy agar/broth with defibrinated sheep blood,37°C,Aerobic,BSL 2,https://www.atcc.org/api/pdf/product-sheet?id=13813,https://www.atcc.org/products/13813
Streptococcus agalactiae,ATCC 13813,N/A,ATCC Medium 44: Brain Heart Infusion Agar/BrothATCC Medium 260: Trypticase soy agar/broth with defibrinated sheep blood,37°C,Aerobic,BSL 2,https://www.atcc.org/api/pdf/product-sheet?id=13813,https://www.atcc.org/products/13813
Proteus mirabilis,ATCC 29906,N/A,ATCC Medium 3: Nutrient agar or nutrient broth,37°C,Aerobic,BSL 2,https://www.atcc.org/api/pdf/product-sheet?id=29906,https://www.atcc.org/products/29906
Proteus mirabilis,ATCC 29906,N/A,ATCC Medium 3: Nutrient agar or nutrient broth,37°C,Aerobic,BSL 2,https://www.atcc.org/api/pdf/product-sheet?id=29906,https://www.atcc.org/products/29906
Achromobacter xylosoxidans,ATCC 27061,Ear discharge,ATCC Medium 3: Nutrient agar or nutrient broth,30°C,Aerobic,BSL 2,https://www.atcc.org/api/pdf/product-sheet?id=27061,https://www.atcc.org/products/27061
Achromobacter xylosoxidans,ATCC 27061,Ear discharge,ATCC Medium 3: Nutrient agar or nutrient broth,30°C,Aerobic,BSL 2,https://www.atcc.org/api/pdf/product-sheet?id=27061,https://www.atcc.org/products/27061
Erysipelothrix rhusiopathiae,ATCC 19414,Spleen of pig with endocarditis,ATCC Medium 260: Trypticase soy agar/broth with defibrinated sheep blood,37°C,"95% Air, 5% CO2",BSL 2,https://www.atcc.org/api/pdf/product-sheet?id=19414,https://www.atcc.org/products/19414
Erysipelothrix rhusiopathiae,ATCC 19414,Spleen of pig with endocarditis,ATCC Medium 260: Trypticase soy agar/broth with defibrinated sheep blood,37°C,"95% Air, 5% CO2",BSL 2,https://www.atcc.org/api/pdf/product-sheet?id=19414,https://www.atcc.org/products/19414
Streptococcus bovis,ATCC 33317,Cow dung,ATCC Medium 44: Brain Heart Infusion Agar/BrothATCC Medium 260: Trypticase soy agar/broth with defibrinated sheep blood,37°C,Aerobic,BSL 1,https://www.atcc.org/api/pdf/product-sheet?id=33317,https://www.atcc.org/products/33317
Streptococcus bovis,ATCC 33317,Cow dung,ATCC Medium 44: Brain Heart Infusion Agar/BrothATCC Medium 260: Trypticase soy agar/broth with defibrinated sheep blood,37°C,Aerobic,BSL 1,https://www.atcc.org/api/pdf/product-sheet?id=33317,https://www.atcc.org/products/33317
Corynebacterium jeikeium,ATCC 43734,Blood culture,ATCC Medium 1941: Brain heart infusion agar or broth with Tween 80ATCC Medium 260: Trypticase soy agar/broth with defibrinated sheep blood,37°C,Aerobic,BSL 2,https://www.atcc.org/api/pdf/product-sheet?id=43734,https://www.atcc.org/products/43734
Corynebacterium jeikeium,ATCC 43734,Blood culture,ATCC Medium 1941: Brain heart infusion agar or broth with Tween 80ATCC Medium 260: Trypticase soy agar/broth with defibrinated sheep blood,37°C,Aerobic,BSL 2,https://www.atcc.org/api/pdf/product-sheet?id=43734,https://www.atcc.org/products/43734
Elizabethkingia meningoseptica,ATCC 13253,Spinal fluid from premature infant,ATCC Medium 3: Nutrient agar or nutrient broth,30°C,Aerobic,BSL 2,https://www.atcc.org/api/pdf/product-sheet?id=13253,https://www.atcc.org/products/13253
Elizabethkingia meningoseptica,ATCC 13253,Spinal fluid from premature infant,ATCC Medium 3: Nutrient agar or nutrient broth,30°C,Aerobic,BSL 2,https://www.atcc.org/api/pdf/product-sheet?id=13253,https://www.atcc.org/products/13253
